Designator,Mid X,Mid Y,Layer,Rotation
R1,148.082000,-89.916000,top,0.000000
C1,92.426000,-62.82000,top,90.000000
